{
  "project_info": {
    "project_number": "336123919625",
    "project_id": "firebase-andylogin"
  },
  "client": [
    {
      "client_info": {
        "mobilesdk_app_id": "1:336123919625:android:93cccfa37cfaf2c6",
        "android_client_info": {
          "package_name": "netandy.googlelogin"
        }
      },
      "oauth_client": [
        {
          "client_id": "336123919625-78qol19n3hoe3deb3ht9klqm0deda05j.apps.googleusercontent.com",
          "client_type": 1,
          "android_info": {
            "package_name": "netandy.googlelogin",
            "certificate_hash": "25afa0b71fae9631797213139d09ff7b58a567cd"
          }
        },
        {
          "client_id": "336123919625-f0cuekrj2p119dp59c125ockbsrkd180.apps.googleusercontent.com",
          "client_type": 3
        }
      ],
      "api_key": [
        {
          "current_key": "AIzaSyDc-L9k2CHNffhSmjSVaAlPisKknkv4OA0"
        }
      ],
      "services": {
        "analytics_service": {
          "status": 1
        },
        "appinvite_service": {
          "status": 1,
          "other_platform_oauth_client": []
        },
        "ads_service": {
          "status": 1
        }
      }
    }
  ],
  "configuration_version": "1"
}