{"project_info":{"project_id":"vast-alcove-114513","project_number":"344886040141","name":"Google Login Integration"},"client":[{"client_info":{"mobilesdk_app_id":"1:344886040141:android:a7f059faa9bb460d","client_id":"android:net.simplifiedcoding.googlelogin","client_type":1,"android_client_info":{"package_name":"net.simplifiedcoding.googlelogin"}},"oauth_client":[{"client_id":"344886040141-agrm378l5f9isg8ovv2roce11ktfggtr.apps.googleusercontent.com","client_type":1,"android_info":{"package_name":"net.simplifiedcoding.googlelogin","certificate_hash":"6B326156A1B3886089C72D36B6F194B44B4F5AF0"}}],"api_key":[],"services":{"analytics_service":{"status":1},"cloud_messaging_service":{"status":1,"apns_config":[]},"appinvite_service":{"status":1,"other_platform_oauth_client":[]},"google_signin_service":{"status":2},"ads_service":{"status":1}}}],"client_info":[],"ARTIFACT_VERSION":"1"}